{"article_title": "Facebook finishes its move to neural machine translation", "publish_date": "Thu, 03 Aug 2017 16:00:12 +0000", "article_link": "https://techcrunch.com/2017/08/03/facebook-finishes-its-move-to-neural-machine-translation/?ncid=rss", "author": "John Mannes"}
{"article_title": "Curious about Tesla\u2019s unique Model 3 in-car UI? Check out this mock-up", "publish_date": "Thu, 03 Aug 2017 15:58:26 +0000", "article_link": "https://techcrunch.com/2017/08/03/curious-about-teslas-unique-model-3-in-car-ui-check-out-this-mock-up/?ncid=rss", "author": "Darrell Etherington"}
{"article_title": "Bozoma Saint John to talk about transforming Uber at Disrupt SF", "publish_date": "Thu, 03 Aug 2017 15:34:49 +0000", "article_link": "https://techcrunch.com/2017/08/03/bozoma-saint-john-uber-disrupt-sf/?ncid=rss", "author": "Megan Rose Dickey"}
{"article_title": "Heptio launches two new open source projects that make using Kubernetes easier", "publish_date": "Thu, 03 Aug 2017 15:31:19 +0000", "article_link": "https://techcrunch.com/2017/08/03/heptio-launches-two-new-open-source-projects-that-make-using-kubernetes-easier/?ncid=rss", "author": "Frederic Lardinois"}
{"article_title": "Facebook begins testing Stories on the desktop", "publish_date": "Thu, 03 Aug 2017 15:05:42 +0000", "article_link": "https://techcrunch.com/2017/08/03/facebook-begins-testing-stories-on-the-desktop/?ncid=rss", "author": "Sarah Perez"}
{"article_title": "8bitdo\u2019s new Nintendo Switch-compatible NES30 Arcade Stick now on sale", "publish_date": "Thu, 03 Aug 2017 15:00:54 +0000", "article_link": "https://techcrunch.com/2017/08/03/8bitdos-new-nintendo-switch-compatible-nes30-arcade-stick-now-on-sale/?ncid=rss", "author": "Darrell Etherington"}
{"article_title": "YC-backed Muzmatch definitely doesn\u2019t want to be Tinder for Muslims", "publish_date": "Thu, 03 Aug 2017 14:13:59 +0000", "article_link": "https://techcrunch.com/2017/08/03/yc-backed-muzmatch-definitely-doesnt-want-to-be-tinder-for-muslims/?ncid=rss", "author": "Natasha Lomas"}
{"article_title": "The Void is bringing a location-based Star Wars VR experience to Disney World", "publish_date": "Thu, 03 Aug 2017 14:00:45 +0000", "article_link": "https://techcrunch.com/2017/08/03/the-void-is-bringing-a-location-based-star-wars-vr-experience-to-disney-world/?ncid=rss", "author": "Lucas Matney"}
{"article_title": "Uber Freight expands to multiple new markets and adds new features", "publish_date": "Thu, 03 Aug 2017 14:00:42 +0000", "article_link": "https://techcrunch.com/2017/08/03/uber-freight-expands-to-multiple-new-markets-and-adds-new-features/?ncid=rss", "author": "Darrell Etherington"}
{"article_title": "Piggy looks to build a simple app for first-time investors in India", "publish_date": "Thu, 03 Aug 2017 14:00:04 +0000", "article_link": "https://techcrunch.com/2017/08/03/piggy-looks-to-build-a-simple-app-for-first-time-investors-in-india/?ncid=rss", "author": "Matthew Lynley"}
{"article_title": "Mozoo acquires AdinCube, to create one ad platform for mobile publishers", "publish_date": "Thu, 03 Aug 2017 13:53:18 +0000", "article_link": "https://techcrunch.com/2017/08/03/mozoo-acquires-adincube-to-create-one-ad-platform-for-mobile-publishers/?ncid=rss", "author": "Mike Butcher"}
{"article_title": "Watch a Boeing 787 Dreamliner draw a massive plane above the United States", "publish_date": "Thu, 03 Aug 2017 13:15:20 +0000", "article_link": "https://techcrunch.com/2017/08/03/watch-a-boeing-787-dreamliner-draw-a-massive-plane-above-the-united-states/?ncid=rss", "author": "Matt Burns"}
{"article_title": "Tesloop does emission-free electric freight shipping \u2013 with a Tesla Model X", "publish_date": "Thu, 03 Aug 2017 13:15:10 +0000", "article_link": "https://techcrunch.com/2017/08/03/tesloop-does-emission-free-electric-freight-shipping-with-a-tesla-model-x/?ncid=rss", "author": "Darrell Etherington"}
{"article_title": "Savings app Qapital now offers a checking account and debit card", "publish_date": "Thu, 03 Aug 2017 13:00:54 +0000", "article_link": "https://techcrunch.com/2017/08/03/qapital-checking-debit-card/?ncid=rss", "author": "Ryan Lawler"}
{"article_title": "Online learning startup Codecademy launches paid Pro courses", "publish_date": "Thu, 03 Aug 2017 13:00:46 +0000", "article_link": "https://techcrunch.com/2017/08/03/codecademy-pro/?ncid=rss", "author": "Ryan Lawler"}
{"article_title": "PAYFAZZ wants to build a network of distributed bank agents in Indonesia", "publish_date": "Thu, 03 Aug 2017 13:00:31 +0000", "article_link": "https://techcrunch.com/2017/08/03/payfazz-wants-to-build-a-network-of-distributed-bank-agents-in-indonesia/?ncid=rss", "author": "Matthew Lynley"}
{"article_title": "The  Moto Z2 Force Edition makes sacrifices for the sake of modularity", "publish_date": "Thu, 03 Aug 2017 13:00:29 +0000", "article_link": "https://techcrunch.com/2017/08/03/the-moto-z2-force-edition-makes-sacrifices-for-the-sake-of-modularity/?ncid=rss", "author": "Brian Heater"}
{"article_title": "Report: Xiaomi is world\u2019s top wearable maker for first time as Fitbit sales slide", "publish_date": "Thu, 03 Aug 2017 12:51:23 +0000", "article_link": "https://techcrunch.com/2017/08/03/report-xiaomi-is-worlds-top-wearable-maker-for-first-time-as-fitbit-sales-slide/?ncid=rss", "author": "Jon Russell"}
{"article_title": "Mystery Science partners with Google to bring eclipse glasses to elementary school students", "publish_date": "Thu, 03 Aug 2017 12:00:18 +0000", "article_link": "https://techcrunch.com/2017/08/03/mystery-science-partners-with-google-to-bring-eclipse-glasses-to-elementary-school-students/?ncid=rss", "author": "Frederic Lardinois"}
{"article_title": "GE spin-out SmartAssist.io raises $5M Series A for its AI-based customer service platform", "publish_date": "Thu, 03 Aug 2017 11:00:38 +0000", "article_link": "https://techcrunch.com/2017/08/03/ge-spin-out-smartassist-io-raises-5m-series-a-for-its-ai-based-customer-service-platform/?ncid=rss", "author": "Frederic Lardinois"}
{"article_title": "Facebook finishes its move to neural machine translation", "author": "John Mannes", "publish_date": "Thu, 03 Aug 2017 16:00:12 +0000", "article_link": "https://techcrunch.com/2017/08/03/facebook-finishes-its-move-to-neural-machine-translation/?ncid=rss"}
{"article_title": "Curious about Tesla\u2019s unique Model 3 in-car UI? Check out this mock-up", "author": "Darrell Etherington", "publish_date": "Thu, 03 Aug 2017 15:58:26 +0000", "article_link": "https://techcrunch.com/2017/08/03/curious-about-teslas-unique-model-3-in-car-ui-check-out-this-mock-up/?ncid=rss"}
{"article_title": "Bozoma Saint John to talk about transforming Uber at Disrupt SF", "author": "Megan Rose Dickey", "publish_date": "Thu, 03 Aug 2017 15:34:49 +0000", "article_link": "https://techcrunch.com/2017/08/03/bozoma-saint-john-uber-disrupt-sf/?ncid=rss"}
{"article_title": "Heptio launches two new open source projects that make using Kubernetes easier", "author": "Frederic Lardinois", "publish_date": "Thu, 03 Aug 2017 15:31:19 +0000", "article_link": "https://techcrunch.com/2017/08/03/heptio-launches-two-new-open-source-projects-that-make-using-kubernetes-easier/?ncid=rss"}
{"article_title": "Facebook begins testing Stories on the desktop", "author": "Sarah Perez", "publish_date": "Thu, 03 Aug 2017 15:05:42 +0000", "article_link": "https://techcrunch.com/2017/08/03/facebook-begins-testing-stories-on-the-desktop/?ncid=rss"}
{"article_title": "8bitdo\u2019s new Nintendo Switch-compatible NES30 Arcade Stick now on sale", "author": "Darrell Etherington", "publish_date": "Thu, 03 Aug 2017 15:00:54 +0000", "article_link": "https://techcrunch.com/2017/08/03/8bitdos-new-nintendo-switch-compatible-nes30-arcade-stick-now-on-sale/?ncid=rss"}
{"article_title": "YC-backed Muzmatch definitely doesn\u2019t want to be Tinder for Muslims", "author": "Natasha Lomas", "publish_date": "Thu, 03 Aug 2017 14:13:59 +0000", "article_link": "https://techcrunch.com/2017/08/03/yc-backed-muzmatch-definitely-doesnt-want-to-be-tinder-for-muslims/?ncid=rss"}
{"article_title": "The Void is bringing a location-based Star Wars VR experience to Disney World", "author": "Lucas Matney", "publish_date": "Thu, 03 Aug 2017 14:00:45 +0000", "article_link": "https://techcrunch.com/2017/08/03/the-void-is-bringing-a-location-based-star-wars-vr-experience-to-disney-world/?ncid=rss"}
{"article_title": "Uber Freight expands to multiple new markets and adds new features", "author": "Darrell Etherington", "publish_date": "Thu, 03 Aug 2017 14:00:42 +0000", "article_link": "https://techcrunch.com/2017/08/03/uber-freight-expands-to-multiple-new-markets-and-adds-new-features/?ncid=rss"}
{"article_title": "Piggy looks to build a simple app for first-time investors in India", "author": "Matthew Lynley", "publish_date": "Thu, 03 Aug 2017 14:00:04 +0000", "article_link": "https://techcrunch.com/2017/08/03/piggy-looks-to-build-a-simple-app-for-first-time-investors-in-india/?ncid=rss"}
{"article_title": "Mozoo acquires AdinCube, to create one ad platform for mobile publishers", "author": "Mike Butcher", "publish_date": "Thu, 03 Aug 2017 13:53:18 +0000", "article_link": "https://techcrunch.com/2017/08/03/mozoo-acquires-adincube-to-create-one-ad-platform-for-mobile-publishers/?ncid=rss"}
{"article_title": "Watch a Boeing 787 Dreamliner draw a massive plane above the United States", "author": "Matt Burns", "publish_date": "Thu, 03 Aug 2017 13:15:20 +0000", "article_link": "https://techcrunch.com/2017/08/03/watch-a-boeing-787-dreamliner-draw-a-massive-plane-above-the-united-states/?ncid=rss"}
{"article_title": "Tesloop does emission-free electric freight shipping \u2013 with a Tesla Model X", "author": "Darrell Etherington", "publish_date": "Thu, 03 Aug 2017 13:15:10 +0000", "article_link": "https://techcrunch.com/2017/08/03/tesloop-does-emission-free-electric-freight-shipping-with-a-tesla-model-x/?ncid=rss"}
{"article_title": "Savings app Qapital now offers a checking account and debit card", "author": "Ryan Lawler", "publish_date": "Thu, 03 Aug 2017 13:00:54 +0000", "article_link": "https://techcrunch.com/2017/08/03/qapital-checking-debit-card/?ncid=rss"}
{"article_title": "Online learning startup Codecademy launches paid Pro courses", "author": "Ryan Lawler", "publish_date": "Thu, 03 Aug 2017 13:00:46 +0000", "article_link": "https://techcrunch.com/2017/08/03/codecademy-pro/?ncid=rss"}
{"article_title": "PAYFAZZ wants to build a network of distributed bank agents in Indonesia", "author": "Matthew Lynley", "publish_date": "Thu, 03 Aug 2017 13:00:31 +0000", "article_link": "https://techcrunch.com/2017/08/03/payfazz-wants-to-build-a-network-of-distributed-bank-agents-in-indonesia/?ncid=rss"}
{"article_title": "The  Moto Z2 Force Edition makes sacrifices for the sake of modularity", "author": "Brian Heater", "publish_date": "Thu, 03 Aug 2017 13:00:29 +0000", "article_link": "https://techcrunch.com/2017/08/03/the-moto-z2-force-edition-makes-sacrifices-for-the-sake-of-modularity/?ncid=rss"}
{"article_title": "Report: Xiaomi is world\u2019s top wearable maker for first time as Fitbit sales slide", "author": "Jon Russell", "publish_date": "Thu, 03 Aug 2017 12:51:23 +0000", "article_link": "https://techcrunch.com/2017/08/03/report-xiaomi-is-worlds-top-wearable-maker-for-first-time-as-fitbit-sales-slide/?ncid=rss"}
{"article_title": "Mystery Science partners with Google to bring eclipse glasses to elementary school students", "author": "Frederic Lardinois", "publish_date": "Thu, 03 Aug 2017 12:00:18 +0000", "article_link": "https://techcrunch.com/2017/08/03/mystery-science-partners-with-google-to-bring-eclipse-glasses-to-elementary-school-students/?ncid=rss"}
{"article_title": "GE spin-out SmartAssist.io raises $5M Series A for its AI-based customer service platform", "author": "Frederic Lardinois", "publish_date": "Thu, 03 Aug 2017 11:00:38 +0000", "article_link": "https://techcrunch.com/2017/08/03/ge-spin-out-smartassist-io-raises-5m-series-a-for-its-ai-based-customer-service-platform/?ncid=rss"}
