{"title": "Vivo Y55S (3 GB,16 GB,Crown Gold)", "image_urls": ["https://cdn.shopclues.com/images/thumbnails/78829/200/200/124011901114982896vivoy55s1610originalimaes2nwjhwppuyt15002984021500647777.jpg"], "price": "Rs.11699", "images": [{"url": "https://cdn.shopclues.com/images/thumbnails/78829/200/200/124011901114982896vivoy55s1610originalimaes2nwjhwppuyt15002984021500647777.jpg", "checksum": "2fe9000cba8165c98cedfddc9e8e383c", "path": "full/5514f64082b781e7a8a0cb61de29b2142c0a2dc3.jpg"}], "discount": "24% Off"}
{"images": [{"path": "full/5514f64082b781e7a8a0cb61de29b2142c0a2dc3.jpg", "url": "https://cdn.shopclues.com/images/thumbnails/78829/200/200/124011901114982896vivoy55s1610originalimaes2nwjhwppuyt15002984021500647777.jpg", "checksum": "2fe9000cba8165c98cedfddc9e8e383c"}], "price": "Rs.11699", "discount": "24% Off", "title": "Vivo Y55S (3 GB,16 GB,Crown Gold)", "image_urls": ["https://cdn.shopclues.com/images/thumbnails/78829/200/200/124011901114982896vivoy55s1610originalimaes2nwjhwppuyt15002984021500647777.jpg"]}
{"title": "Ziox Quiq Flash 4G (1GB, 8GB, 4GVoLTE)", "price": "Rs.4199", "images": [{"url": "https://cdn.shopclues.com/images/thumbnails/78698/200/200/115371077black14836957191484756588148475674514909406981500462289.jpg", "path": "full/fab8866196757bd3b04681b78f539e1f7f05e29b.jpg", "checksum": "6d3f53c86afe1978a6cfbcc280679bca"}], "image_urls": ["https://cdn.shopclues.com/images/thumbnails/78698/200/200/115371077black14836957191484756588148475674514909406981500462289.jpg"]}
{"price": "Rs.11699", "images": [{"checksum": "2fe9000cba8165c98cedfddc9e8e383c", "url": "https://cdn.shopclues.com/images/thumbnails/78829/200/200/124011901114982896vivoy55s1610originalimaes2nwjhwppuyt15002984021500647777.jpg", "path": "full/5514f64082b781e7a8a0cb61de29b2142c0a2dc3.jpg"}], "image_urls": ["https://cdn.shopclues.com/images/thumbnails/78829/200/200/124011901114982896vivoy55s1610originalimaes2nwjhwppuyt15002984021500647777.jpg"], "title": "Vivo Y55S (3 GB,16 GB,Crown Gold)"}
{"price": "Rs.4199", "images": [{"checksum": "6d3f53c86afe1978a6cfbcc280679bca", "url": "https://cdn.shopclues.com/images/thumbnails/78698/200/200/115371077black14836957191484756588148475674514909406981500462289.jpg", "path": "full/fab8866196757bd3b04681b78f539e1f7f05e29b.jpg"}], "image_urls": ["https://cdn.shopclues.com/images/thumbnails/78698/200/200/115371077black14836957191484756588148475674514909406981500462289.jpg"], "title": "Ziox Quiq Flash 4G (1GB, 8GB, 4GVoLTE)"}
{"price": "Rs.3333", "images": [{"checksum": "5748e03d5e5942559b7711d19e656648", "url": "https://cdn.shopclues.com/images/thumbnails/78279/200/200/116399960Swipekonnectstar1500028926.jpg", "path": "full/788b78b3c7882c35b6eef17c3e6a4dc181b758f0.jpg"}], "image_urls": ["https://cdn.shopclues.com/images/thumbnails/78279/200/200/116399960Swipekonnectstar1500028926.jpg"], "title": "Swipe Konnect Star (1 GB, 16 GB, Grey)"}
{"price": "Rs.4299", "images": [{"checksum": "a6ef9a68fb7b1d4a71308710857b9d81", "url": "https://cdn.shopclues.com/images/thumbnails/51885/200/200/black148369571914847565881484756745.jpg", "path": "full/830c00ddea08be52cfc8d5893b5202471b06e26a.jpg"}], "image_urls": ["https://cdn.shopclues.com/images/thumbnails/51885/200/200/black148369571914847565881484756745.jpg"], "title": "Ziox Astra Dual Sim (4G VoLTE ,1GB RAM, 8GB )"}
{"price": "Rs.7099", "images": [{"checksum": "ee4567916e4ecf9f9e7d47549a9c6344", "url": "https://cdn.shopclues.com/images/thumbnails/78826/200/200/12401019194481600panasonicelugai2eb90s5oey2400x400imaeb79hzkt3gjpe146425856114662463601500640941.jpg", "path": "full/743ed8fe5f45c47d83eb241dbd80a6263f1b49db.jpg"}], "image_urls": ["https://cdn.shopclues.com/images/thumbnails/78826/200/200/12401019194481600panasonicelugai2eb90s5oey2400x400imaeb79hzkt3gjpe146425856114662463601500640941.jpg"], "title": "Panasonic Eluga i2 (2 GB,16 GB,Silver)"}
{"price": "Rs.10899", "images": [{"checksum": "d19be27a7f0b052990913d8751e10547", "url": "https://cdn.shopclues.com/images/thumbnails/43194/200/200/REFURBISHEDMotorolaMotoXPlaySDL61703559614d2161492176387.jpg", "path": "full/174b56fc299b4ea9be0931abe728162754311434.jpg"}], "image_urls": ["https://cdn.shopclues.com/images/thumbnails/43194/200/200/REFURBISHEDMotorolaMotoXPlaySDL61703559614d2161492176387.jpg"], "title": "Moto X Play(With Turbo Charger) 16GB - (6 Months Seller Warranty)"}
{"price": "Rs.13999", "images": [{"checksum": "857577c6fd6fe928ada2d59178656d3f", "url": "https://cdn.shopclues.com/images/thumbnails/43450/200/200/zuk1474980610.jpg", "path": "full/55a5919a6feaae119e2d9bf03638e6cf10882ed3.jpg"}], "image_urls": ["https://cdn.shopclues.com/images/thumbnails/43450/200/200/zuk1474980610.jpg"], "title": "Lenovo Zuk Z1 64GB - (6 months Gadgetwood Warranty)"}
{"price": "Rs.11800", "images": [{"checksum": "a228d495504de369da349cf15873e207", "url": "https://cdn.shopclues.com/images/thumbnails/42625/200/200/motoxplay1000dpdx9fnm1492174971.jpg", "path": "full/fbb69cb845727c7e5f8b69eb386d9d0506defac8.jpg"}], "image_urls": ["https://cdn.shopclues.com/images/thumbnails/42625/200/200/motoxplay1000dpdx9fnm1492174971.jpg"], "title": "Moto X Play 32GB  - (6 Months Seller Warranty)"}
{"price": "Rs.9999", "images": [{"checksum": "b2217fecd978c1d59edc62c29dfc0225", "url": "https://cdn.shopclues.com/images/thumbnails/39999/200/200/download11467362467.jpg", "path": "full/623c0a04930947f3d15105206debe9cc625fe5bd.jpg"}], "image_urls": ["https://cdn.shopclues.com/images/thumbnails/39999/200/200/download11467362467.jpg"], "title": "Huawei Honor 4X- (6 Months Gadgetwood Warranty)"}
{"price": "Rs.7199", "images": [], "image_urls": ["https://cdn.shopclues.com/images/thumbnails/40359/200/200/89300690E481144809547614570947351467303149.jpg"], "title": "Micromax Canvas 5 481-(6 months Brand Warranty)"}
{"price": "Rs.6399", "images": [{"checksum": "71fad90c6e5aee5e42337c6c43b84ffe", "url": "https://cdn.shopclues.com/images/thumbnails/42340/200/200/micromaxcanvaspulse4g14522509141470382710.jpg", "path": "full/a63dba3c865584395fb2b8d44ce8ab34692e17ca.jpg"}], "image_urls": ["https://cdn.shopclues.com/images/thumbnails/42340/200/200/micromaxcanvaspulse4g14522509141470382710.jpg"], "title": "Micromax pulse 4g E451 - (6 Months Brand Warranty)"}
{"price": "Rs.9099", "images": [{"checksum": "6f73dd69756fc230b0e63e7aee6a330d", "url": "https://cdn.shopclues.com/images/thumbnails/78817/200/200/1240053468437361631UkY1SPZL15002972371500634955.jpg", "path": "full/99f663e2efe51fab7ae14c29184f050f2c3ad83c.jpg"}], "image_urls": ["https://cdn.shopclues.com/images/thumbnails/78817/200/200/1240053468437361631UkY1SPZL15002972371500634955.jpg"], "title": "Micromax Canvas Sliver 5 (2 GB,8 GB,Black)"}
{"price": "Rs.6899", "images": [{"checksum": "f793b0eb627103568d18f6b6f2d362d1", "url": "https://cdn.shopclues.com/images/thumbnails/34864/200/200/71m4T2oj1oL1459508866.jpg", "path": "full/7d9732b16bd9bac26533d710826e863565cabf23.jpg"}], "image_urls": ["https://cdn.shopclues.com/images/thumbnails/34864/200/200/71m4T2oj1oL1459508866.jpg"], "title": "Micromax Yureka Plus Android YU 5510A - (6 Months Brand Warranty)"}
{"price": "Rs.31900", "images": [{"checksum": "8d24a57d7a71715b793586b8caec74da", "url": "https://cdn.shopclues.com/images/thumbnails/71370/200/200/119185829frontgold1485335506148534485114863987251494996971.png", "path": "full/4d4b85c0fc33c3498a4df6368bc3dc53d9a3c518.jpg"}], "image_urls": ["https://cdn.shopclues.com/images/thumbnails/71370/200/200/119185829frontgold1485335506148534485114863987251494996971.png"], "title": "Samsung Galaxy C9 Pro (6 GB,64 GB,Gold)"}
{"price": "Rs.2899", "images": [{"checksum": "f47f0e2b1f94041b94c26114a737ec14", "url": "https://cdn.shopclues.com/images/thumbnails/63824/200/200/1stImage1490692045.jpg", "path": "full/ec7854350afa014bb382bcad882f61b3afdfe337.jpg"}], "image_urls": ["https://cdn.shopclues.com/images/thumbnails/63824/200/200/1stImage1490692045.jpg"], "title": "iVooMi iV SMART 4G VoLTE, Marshmallow (with  Free Shipping)"}
{"price": "Rs.6599", "images": [{"checksum": "d4130669ac4a5515cda5183323248d09", "url": "https://cdn.shopclues.com/images/thumbnails/58178/200/200/109963647EliteNoteFront1494229197.jpg", "path": "full/6a438ae04a5aca84fdbe267516dd4eceb510dc18.jpg"}], "image_urls": ["https://cdn.shopclues.com/images/thumbnails/58178/200/200/109963647EliteNoteFront1494229197.jpg"], "title": "Swipe Elite Note  (5.5 inch HD, 3GB ,16GB, 4G VoLTE , Black)"}
{"price": "Rs.15499", "images": [{"checksum": "963c4f6cd1fe0e5e17384d4533c913de", "url": "https://cdn.shopclues.com/images/thumbnails/78819/200/200/12400647412171455141MlAt5BJEL14982308551500636628.jpg", "path": "full/1af45999bdaa0e15be7e023d5e4d5834145c7fc3.jpg"}], "image_urls": ["https://cdn.shopclues.com/images/thumbnails/78819/200/200/12400647412171455141MlAt5BJEL14982308551500636628.jpg"], "title": "Vivo V5 (4 GB,32 GB,Crown Gold)"}
{"price": "Rs.3099", "images": [{"checksum": "217ee1803456f4b83294c302d41cc9e7", "url": "https://cdn.shopclues.com/images/thumbnails/79033/200/200/124122307101876702KonnectNEO4GMainImage15000260381501218627.jpg", "path": "full/d03603c774c1a790d1e813e73743e60f1db3bd16.jpg"}], "image_urls": ["https://cdn.shopclues.com/images/thumbnails/79033/200/200/124122307101876702KonnectNEO4GMainImage15000260381501218627.jpg"], "title": "Swipe Konnect Neo 4G, Black [4G VoLTE, Quad Core, Android v6.0 Marshmallow, 5MP Camera] (Black)"}
{"price": "Rs.4999", "images": [{"checksum": "edf9e955e16e814bef84a60a5bf4a4ca", "url": "https://cdn.shopclues.com/images/thumbnails/41481/200/200/81OZSV2LusL1469019919.jpg", "path": "full/b56d1adebe0137bab5be7fb434bb4f1bdcc89e15.jpg"}], "image_urls": ["https://cdn.shopclues.com/images/thumbnails/41481/200/200/81OZSV2LusL1469019919.jpg"], "title": "Moto E XT1506 2nd Gen 8GB - (6 Months Gadgetwood warranty)"}
{"price": "Rs.5575", "images": [{"checksum": "d6db5f04d5420a50fbb41dd9c54003e6", "url": "https://cdn.shopclues.com/images/thumbnails/75248/200/200/1163996441183645249834529395494963q41314673800651468094514147461667914937993481498566616.jpg", "path": "full/603372671962a503e62e8eedc6642eae15ce5d41.jpg"}], "image_urls": ["https://cdn.shopclues.com/images/thumbnails/75248/200/200/1163996441183645249834529395494963q41314673800651468094514147461667914937993481498566616.jpg"], "title": "Micromax Canvas Xpress 4G Q413 (3 GB, 16 GB, Blue)"}
{"price": "Rs.11599", "images": [{"checksum": "bfb5012393cc52bf77bd255c69dc0112", "url": "https://cdn.shopclues.com/images/thumbnails/42834/200/200/96997230G4Plus1493192149.jpg", "path": "full/d36e848ff28d6bbd3de98cdabdf7ec357257ee87.jpg"}], "image_urls": ["https://cdn.shopclues.com/images/thumbnails/42834/200/200/96997230G4Plus1493192149.jpg"], "title": "Moto G plus 4th Gen 32GB - (6 Months seller Warranty)"}
