{"vote": "13.0k", "title": "[S7E3] Post-Premiere Discussion - S7E3 'The Queen's Justice'", "created_at": "Tue Mar 2 22:52:12 2010 UTC", "comments": "27640 comments"}
{"vote": "131", "title": "[S7E3] Contest Thread #3 - Digitally draw your favorite character from episode 3!", "created_at": "Mon Jul 31 02:06:13 2017 UTC", "comments": "142 comments"}
{"vote": "2310", "title": "[Everything] Bran Can't play the \"Game\" of Thrones", "created_at": "Wed Aug 2 18:00:42 2017 UTC", "comments": "168 comments"}
{"vote": "15.2k", "title": "[EVERYTHING] The Stark Reunion is going to be weird....", "created_at": "Thu Aug 3 12:04:23 2017 UTC", "comments": "896 comments"}
{"vote": "546", "title": "[NO SPOILERS] Kings Landing, completed", "created_at": "Thu Aug 3 04:14:37 2017 UTC", "comments": "27 comments"}
{"vote": "297", "title": "[EVERYTHING] Margaery's costume journey in Game of Thrones.", "created_at": "Thu Aug 3 11:04:03 2017 UTC", "comments": "39 comments"}
{"vote": "142", "title": "[NO SPOILERS] Dragonstone IRL", "created_at": "Thu Aug 3 13:14:40 2017 UTC", "comments": "29 comments"}
{"vote": "1740", "title": "[EVERYTHING] The man who passes the sentence should swing the sword", "created_at": "Thu Aug 3 12:29:40 2017 UTC", "comments": "171 comments"}
{"vote": "28.9k", "title": "[EVERYTHING] Redrew \"Tyrell the Thug\" (based on the original doodle I myself drew)", "created_at": "Wed Aug 2 22:37:46 2017 UTC", "comments": "660 comments"}
{"vote": "271", "title": "[EVERYTHING] Did anyone notice the subtle attention to detail in Littlefinger's reaction to...", "created_at": "Wed Aug 2 14:29:16 2017 UTC", "comments": "89 comments"}
{"vote": "1074", "title": "[MAIN SPOILERS] Olenna Tyrell's verses for Rains of Castamere", "created_at": "Thu Aug 3 07:29:37 2017 UTC", "comments": "69 comments"}
{"vote": "1506", "title": "[Everything] Jon is the only person in GOT..", "created_at": "Thu Aug 3 00:00:38 2017 UTC", "comments": "234 comments"}
{"vote": "85", "title": "[NO SPOILERS] Casterly Rock: Expectation vs Reality-ish", "created_at": "last edited 9 hours ago", "comments": "35 comments"}
{"vote": "46", "title": "[NO SPOILERS] My husband and I decided to do our own \"Paint the Night\" at home. This is what I decided to do :D", "created_at": "Wed Aug 2 21:43:24 2017 UTC", "comments": "2 comments"}
{"vote": "2661", "title": "[MAIN SPOILERS] Theory about Ser Davos and the Unsullied", "created_at": "Thu Aug 3 11:28:18 2017 UTC", "comments": "737 comments"}
{"vote": "1901", "title": "[EVERYTHING] I think that last episode basically confirmed who Azor Ahai is...", "created_at": "Thu Aug 3 14:05:20 2017 UTC", "comments": "639 comments"}
{"vote": "659", "title": "[S7E3] Petyr Baelish gave me chills with this quote, so i made a simplistic wallpaper of it.", "created_at": "Wed Aug 2 15:28:57 2017 UTC", "comments": "132 comments"}
{"vote": "439", "title": "[NO SPOILERS] Thanks to user /u/lane_cruiser for Hand drawing this map! It's the most detailed GoT map I've ever seen and I'm more than pleased with the way it looks.", "created_at": "Wed Aug 2 16:56:39 2017 UTC", "comments": "31 comments"}
{"vote": "806", "title": "[EVERYTHING] Scouting Report: Jaime Lannister- The Ringer Twitter", "created_at": "last edited 22 hours ago", "comments": "122 comments"}
{"vote": "39", "title": "[EVERYTHING] To those saying Jon Snow can't help Danaerys...", "created_at": "Wed Aug 2 22:20:33 2017 UTC", "comments": "68 comments"}
{"vote": "36", "title": "[MAIN SPOILERS] Wouldn't it be super disappointing if all of Littlefinger's schemes come to nothing?", "created_at": "Wed Aug 2 23:53:31 2017 UTC", "comments": "41 comments"}
{"vote": "154", "title": "[S6] Observation about Jon", "created_at": "Wed Aug 2 20:26:37 2017 UTC", "comments": "22 comments"}
{"vote": "135", "title": "[EVERYTHING] A Family Reunion. (Made based on Reddit Comments)", "created_at": "Thu Aug 3 12:52:39 2017 UTC", "comments": "11 comments"}
{"vote": "777", "title": "[Everything] New pics from episode 4, \"Spoils of War.\"", "created_at": "Thu Aug 3 12:46:43 2017 UTC", "comments": "357 comments"}
{"vote": "238", "title": "[Main Spoilers] Last Words", "created_at": "Thu Aug 3 05:10:32 2017 UTC", "comments": "53 comments"}
{"vote": "\u2022", "title": "[MAIN SPOILERS] The Influence Jon Snow has had to make him who he is today.", "created_at": "Thu Aug 3 05:48:51 2017 UTC", "comments": "1 comment"}
{"vote": "36", "title": "[S7E4] HBO releases Photo Stills of \"Spoils of War\" - Game of Thrones Season 7 Episode 4", "created_at": "Wed Aug 2 19:56:38 2017 UTC", "comments": "33 comments"}
